sample_id,source_sample_id,target_uid,target_class_id,target_class_name,target_instance_id,target_color,height,width,bbox,dice,iou,precision,recall,specificity,balanced_accuracy,hd95,assd,relative_area_error,infer_ms,concept,text_score
case001,,,,,,,537,485,[],0.0,0.0,0.0,0.0,0.9636205916167565,0.48181029580837825,274.2893921611187,143.75555163361176,-0.5507892578925789,1186.307290001423,breast tumor,0.63671875
case002,,,,,,,572,761,[],0.9522106486655639,0.9087806126802628,0.9196891191709845,0.9871165075539902,0.997809202761818,0.992462855157904,6.25201748332518,2.5348637052102307,0.0733154138474372,518.6169070002506,breast tumor,0.8671875
case003,,,,,,,532,545,[],0.6649276737016837,0.49804618117229127,0.49831171139150526,0.9989312433202707,0.9801425124680824,0.9895368778941765,79.072686343623,17.972525164745573,1.0046312789454934,527.3600710061146,breast tumor,0.81640625
case004,,,,,,,537,485,[],0.7681940700808625,0.6236323851203501,0.6238030095759234,0.9995615957913196,0.9946739282006787,0.9971177619959992,15.0,6.780294868217438,0.6023673827268742,515.5412629974307,breast tumor,0.80078125
case005,,,,,,,538,831,[],0.9534386331510049,0.9110202835230142,0.9697208366150346,0.9376941768112088,0.9933526733396092,0.965523425075409,16.0,6.661139912679028,-0.03302668004497044,525.1984150017961,breast tumor,0.875
case006,,,,,,,537,485,[],0.8888040712468194,0.799862605907946,0.8870735630237874,0.8905413444378346,0.9887383869892069,0.9396398657135208,17.253943051082224,6.504573926342089,0.003909237698648763,529.3617969946354,breast tumor,0.6171875
case007,,,,,,,537,485,[],0.772627955519207,0.6294977623073098,0.7109513647085253,0.8460222412318221,0.9423100203105315,0.8941661307711768,60.45771578492494,21.71078331583495,0.1899860992301112,521.2028449968784,breast tumor,0.60546875
case008,,,,,,,569,794,[],0.15491147006784536,0.08395882774987583,0.08395882774987583,1.0,0.6979591279662251,0.8489795639831126,323.8678736532387,157.67211163258017,10.910599835661463,506.2306090039783,breast tumor,0.65234375
case009,,,,,,,338,476,[],0.7438352190310414,0.5921478060046189,0.5988905109489051,0.9813414984212037,0.9543396903687258,0.9678405943949647,30.248112145221036,11.598988052771052,0.638599177112238,529.0652580006281,breast tumor,0.69140625
case010,,,,,,,469,433,[],0.829290758366595,0.7083661159192237,0.8363523765288744,0.8223473892525499,0.9946210841288904,0.9084842366907202,14.296790931331458,6.9606630662551146,-0.016745318922210383,535.506408996298,breast tumor,0.8203125
case011,,,,,,,542,789,[],0.9198523431145592,0.851598702502317,0.938690162652237,0.9017557310434716,0.9894018867455984,0.9455788088945349,25.307111715795813,10.225365162356372,-0.03934677604845511,511.1449619944324,breast tumor,0.71875
case012,,,,,,,469,433,[],0.9065774412256757,0.8291190207762925,0.8784982935153584,0.9365108240858651,0.9885521957703151,0.96253150992809,13.101402705563627,5.576966634670691,0.06603601964708022,514.5844080034294,breast tumor,0.87890625
case013,,,,,,,538,831,[],0.8989406327763954,0.8164324826944932,0.9700773385710778,0.8375241779497099,0.9976180995121379,0.9175711387309239,20.518284528683193,9.116951708791632,-0.13664184838769508,503.56149500294123,breast tumor,0.8515625
case014,,,,,,,532,545,[],0.9652801940007381,0.9328904196131977,0.9753062746351336,0.9554581506992277,0.9952113374375078,0.9753347440683677,8.51464255977805,3.737576403867857,-0.020350657482780213,509.8626789986156,breast tumor,0.953125
case015,,,,,,,541,437,[],0.860825118656444,0.755656688673803,0.8546469479483834,0.8670932627243307,0.9910017457959528,0.9290475042601418,22.836366613689485,7.51072667254887,0.014563106796116505,522.808884998085,breast tumor,0.8125
case016,,,,,,,526,623,[],0.8413065605625983,0.7260820955118991,0.7337583730126704,0.9857963786186708,0.98964125912552,0.9877188188720953,26.921180050291245,8.776157067754266,0.3434891033286349,514.4188979975297,breast tumor,0.7890625
case017,,,,,,,579,930,[],0.14880537064625016,0.08038342823963246,0.08038342823963246,1.0,0.8298538012246998,0.9149269006123499,333.50530451957655,136.12709481033204,11.44037511088582,530.4649120007525,breast tumor,0.62109375
case018,,,,,,,537,485,[],0.9774837727879748,0.9559591787146154,0.9850400600901352,0.9700425322073599,0.9990213821850611,0.9845319571962106,3.605551275463989,1.5093636557323942,-0.015225297417247118,541.0337120047188,breast tumor,0.9375
case019,,,,,,,572,761,[],0.27700206952558093,0.16076749984795963,0.16076749984795963,1.0,0.8700361180830575,0.9350180590415287,344.0002906970603,120.13131079986269,5.220162663135994,523.2205089996569,breast tumor,0.82421875
case020,,,,,,,609,761,[],0.9138317376247709,0.8413353338334584,0.9816192560175054,0.8548018292682927,0.9998166743416099,0.9273092518049513,6.324555320336759,2.9210670513816113,-0.1291920731707317,516.0269629996037,breast tumor,0.82421875
case021,,,,,,,537,485,[],0.9449692512521397,0.8956793461931374,0.9437725574621668,0.9461689836856472,0.9963709479672405,0.9712699658264439,8.94427190999916,3.194299336904948,0.0025391988827524917,522.0991539972601,breast tumor,0.75390625
case022,,,,,,,538,831,[],0.732794830371567,0.5782763895971443,0.9930817059287153,0.5806154318775281,0.9998152249928078,0.790215328435168,136.93209759213488,32.46729755011023,-0.41533971634836925,534.4996279964107,breast tumor,0.8359375
case023,,,,,,,532,545,[],0.0,0.0,0.0,0.0,0.8080154980749796,0.4040077490374898,249.77385728721285,139.6438271070207,12.83270345175107,523.2657059968915,breast tumor,0.80078125
case024,,,,,,,469,433,[],0.8695595517331248,0.769221902017291,0.8659486114715805,0.8732007327924627,0.9947143551564459,0.9339575439744543,15.112856036011822,5.6134674506900355,0.008374771002355404,548.385728005087,breast tumor,0.79296875
case025,,,,,,,609,761,[],0.9314127337315065,0.8716300138817856,0.8974310753375709,0.968069136203189,0.9937853519354971,0.9809272440693431,14.0,4.933635196770578,0.07871140503915283,562.0877129986184,breast tumor,0.8203125
case026,,,,,,,518,727,[],0.8844054118205554,0.7927659574468086,0.9855187462804998,0.8021096819331576,0.999388276700046,0.9007489793166018,17.046957646465856,7.410932712908702,-0.18610408481782467,570.5075880032382,breast tumor,0.8046875
case027,,,,,,,469,433,[],0.935957035810567,0.8796233491601165,0.9710610932475884,0.9033024666065722,0.9963228503786289,0.9498126584926005,17.0,4.838834164866671,-0.0697779234614439,539.8670340000535,breast tumor,0.921875
case028,,,,,,,537,485,[],0.9474704202366381,0.9001841263688342,0.9797489716274654,0.9172509133998222,0.9992329756549669,0.9582419445273946,8.06225774829855,2.7071855713431616,-0.06378986866791744,521.1202659993432,breast tumor,0.92578125
case029,,,,,,,483,930,[],0.3207882692475877,0.19103503350578105,0.19579374399487562,0.8871331828442438,0.8965214086532077,0.8918272957487258,194.2288561242871,79.77463819727464,3.5309577555627216,554.4609950011363,breast tumor,0.75390625
case030,,,,,,,526,623,[],0.895264325606304,0.810387811634349,0.820732220507785,0.9846852911477617,0.9960280460970424,0.9903566686224021,13.068332812825243,4.090576736711592,0.19976438909458094,597.6183740058332,breast tumor,0.859375
case031,,,,,,,537,485,[],0.9265671641791045,0.8631813125695217,0.9611097349516968,0.8944213923467036,0.9993869749753033,0.9469041836610035,7.0,2.4797799593933556,-0.06938681420009221,544.1284870030358,breast tumor,0.7265625
case032,,,,,,,537,485,[],0.9122500654850257,0.8386578905121207,0.9148861646234676,0.9096291137036392,0.9980918877747328,0.953860500739186,8.06225774829855,3.259666723865547,-0.005746125718265715,559.2231740010902,breast tumor,0.82421875
case033,,,,,,,487,794,[],0.0,0.0,0.0,0.0,0.9705018127304953,0.48525090636524765,491.1824229185733,394.8685378656723,3.624235006119951,510.0813079989166,breast tumor,0.69140625
case034,,,,,,,469,433,[],0.9035574748097882,0.8240810202550638,0.9112401493156367,0.8960032626427407,0.9989333333333333,0.947468297988037,6.0,2.3760956753460687,-0.016721044045676998,525.3993969963631,breast tumor,0.7421875
case035,,,,,,,532,545,[],0.0,0.0,0.0,0.0,0.9906410367295162,0.4953205183647581,126.5337080626602,67.73917560086839,-0.79143912624478,530.9355720019084,breast tumor,0.66015625
case036,,,,,,,537,485,[],0.7506332028551692,0.6008109104312569,0.8264323136724692,0.687570303712036,0.9822928744768251,0.8349315890944305,109.71452603771557,21.79584445744725,-0.16802587176602923,568.3387640019646,breast tumor,0.76953125
case037,,,,,,,413,794,[],0.0,0.0,0.0,0.0,0.9093498210045602,0.4546749105022801,253.38705570727168,131.3549823218151,0.05447051119072383,510.8415020004031,breast tumor,0.71484375
case038,,,,,,,385,930,[],0.05461647216697419,0.02807491241987219,1.0,0.02807491241987219,1.0,0.5140374562099361,612.0187850618602,263.03249293940985,-0.9719250875801279,572.6142279963824,breast tumor,0.8671875
case039,,,,,,,537,485,[],0.8109961272300171,0.6820803075608715,0.7862858549796873,0.8373099108547457,0.9931333731513308,0.9152216420030382,22.36959132946003,7.248842799313463,0.06489250131095962,550.1890290033771,breast tumor,0.6171875
case040,,,,,,,483,930,[],0.8920565069039191,0.8051462122956482,0.9400497345251697,0.8487257281553398,0.9979385731783411,0.9233321506668404,15.0,6.651658064916665,-0.09714805825242719,550.6184850019054,breast tumor,0.73828125
case041,,,,,,,413,794,[],0.6658900411990339,0.49912680495804407,0.5037400051586278,0.9819827369479595,0.9634670827149047,0.9727249098314321,71.54717492040106,22.464962181451494,0.9493840610072907,553.9946540011442,breast tumor,0.72265625
case042,,,,,,,503,738,[],0.8497311574379776,0.7387239626045596,0.998669623059867,0.7394516499753735,0.9999835671814703,0.869717608578422,11.0,5.781620365734111,-0.2595632901001478,536.0483690019464,breast tumor,0.875
case043,,,,,,,537,485,[],0.9396898912605719,0.8862406229227994,0.9705698835274542,0.9107142857142857,0.9976411654143172,0.9541777255643015,8.546919821403783,4.348696028556482,-0.06167056986729118,534.6445019968087,breast tumor,0.8984375
case044,,,,,,,500,797,[],0.0,0.0,0.0,0.0,0.9401400571620371,0.47007002858101854,353.9060851003503,207.42527637272192,3.499426605504587,521.6946639993694,breast tumor,0.65625
case046,,,,,,,598,517,[],0.9214693096159216,0.8543746764292582,0.8995133346311076,0.9445239360614857,0.9909344760365992,0.9677292060490424,21.057013865837384,6.327580307506399,0.05003883733289727,549.6535490019596,breast tumor,0.83203125
case047,,,,,,,537,485,[],0.88768675940237,0.7980546549328392,0.9630002235636038,0.8232989296636085,0.998675899368352,0.9109874145159802,12.439265317808115,5.404195415238991,-0.14506880733944955,531.8163770061801,breast tumor,0.8046875
case048,,,,,,,580,711,[],0.963164357130328,0.9289460328201657,0.9459630182611691,0.9810028585040496,0.997621262525658,0.9893120605148538,7.0,2.4727493049849785,0.03704144830871844,543.3392150007421,breast tumor,0.91796875
case049,,,,,,,537,485,[],0.9224762059708778,0.8561075041521969,0.940922668436774,0.9047391096218286,0.9985994067149793,0.9516692581684039,7.0,2.986929772577698,-0.038455401308441044,541.5706520070671,breast tumor,0.75390625
case050,,,,,,,469,433,[],0.8819685805644376,0.7888584929122109,0.9143845488613433,0.8517722878625135,0.998510180433703,0.9251412341481082,10.37808748764077,3.5939590427546535,-0.06847475832438238,514.1132740027388,breast tumor,0.86328125
case051,,,,,,,537,485,[],0.9215590121810087,0.8545289196071298,0.9635356849876948,0.883087101988647,0.9961983202476865,0.9396427111181668,11.313708498984761,5.194468346289136,-0.08349310176309162,509.8355709997122,breast tumor,0.7734375
case052,,,,,,,576,761,[],0.9413636363636364,0.8892228424216402,0.9309341865200031,0.9520294205132366,0.9934920456952074,0.9727607331042221,13.46101637015679,5.452123580393886,0.02266028501122198,506.5396449936088,breast tumor,0.73828125
case053,,,,,,,537,485,[],0.7512510638297872,0.6016029660323865,0.869640605296343,0.6612332953796368,0.9932145816752681,0.8272239385274525,48.24361130674699,16.33162337018027,-0.23964762989153232,529.6875969943358,breast tumor,0.796875
case054,,,,,,,493,930,[],0.8789625360230547,0.7840616966580977,0.9748146254154948,0.8002728799328296,0.9995612100801404,0.8999170450064851,11.0,4.949040015403676,-0.1790512174643157,575.1876900030766,breast tumor,0.66015625
case055,,,,,,,538,831,[],0.019513328300133574,0.00985279455750396,0.011887493366354147,0.054430584804795075,0.9366552885542238,0.49554293667950944,197.79838219504632,80.05666404603853,3.578810950915276,506.6066619983758,breast tumor,0.62109375
case056,,,,,,,469,433,[],0.9543549968797361,0.9126950294142723,0.9293341435888532,0.9807604214383875,0.9910177823632943,0.9858891019008409,9.131726674375713,3.3367567874663298,0.05533669262482822,509.0164430002915,breast tumor,0.91796875
case057,,,,,,,618,676,[],0.8001133305000708,0.6668240850059032,0.6671391448145523,0.9992922859164898,0.9966043447035972,0.9979483153100435,12.25723137791188,5.4287507447860515,0.4978768577494692,535.0401969990344,breast tumor,0.7890625
case058,,,,,,,470,503,[],0.8986129650049329,0.8158920855727685,0.9702970297029703,0.8367920449632512,0.9978247501216121,0.9173083975424317,13.899632846996669,5.596486024550834,-0.1375918720276697,501.4186750049703,breast tumor,0.859375
case059,,,,,,,532,545,[],0.3483381522056288,0.21090161564898982,0.2170363269758371,0.881815739994628,0.9161504315135897,0.8989830857541088,137.64211437078447,49.89654008974997,3.062986838571045,562.0670810021693,breast tumor,0.6484375
case060,,,,,,,532,545,[],0.0,0.0,0.0,0.0,0.9068608270499113,0.45343041352495567,230.08551673467446,95.31710651240029,3.2227904746683715,533.896631000971,breast tumor,0.7265625
case062,,,,,,,519,1024,[],0.0,0.0,0.0,0.0,0.9819293005396351,0.49096465026981756,435.03563072465687,354.2734317805245,0.11045828437132785,527.6246499997796,breast tumor,0.78125
case063,,,,,,,469,433,[],0.883235485975212,0.7908878504672897,0.9333639705882353,0.8382170862567065,0.999277363022915,0.9187472246398107,7.0,2.8638573168648818,-0.10193974411886092,525.7674149979721,breast tumor,0.8046875
case064,,,,,,,537,485,[],0.9404417089065894,0.8875790193063386,0.9722092261626275,0.9106845472872294,0.9988074013395654,0.9547459743133974,6.324555320336759,2.88882101247282,-0.0632833727758787,534.0178269980242,breast tumor,0.8671875
case065,,,,,,,532,545,[],0.6675073560319462,0.5009463722397476,0.5048321464903357,0.9848672785909204,0.9863802818379275,0.9856237802144239,75.60286709699987,17.585345878046347,0.9508806747705284,513.7594210027601,breast tumor,0.796875
case066,,,,,,,470,503,[],0.0,0.0,0.0,0.0,0.8937921757650488,0.4468960878825244,209.44234681006748,97.82944437923308,0.7696675382891296,530.9483220044058,breast tumor,0.80859375
case067,,,,,,,532,545,[],0.9421367676401233,0.8906035665294925,0.9774794554921272,0.9092606640602205,0.998684032067096,0.9539723480636583,11.0,3.517162679300952,-0.06979051175818404,520.6175909988815,breast tumor,0.84765625
case068,,,,,,,532,545,[],0.9453061224489796,0.8962848297213623,0.9779225479551212,0.9147951698453899,0.9993489374873257,0.9570720536663577,5.656854249492381,2.41076400599465,-0.0645525335740887,531.9812670059036,breast tumor,0.8984375
case069,,,,,,,537,485,[],0.9118840579710145,0.8380394246137454,0.9032443296009187,0.9206906643254317,0.9973423865684059,0.9590165254469187,9.984924240491752,3.7617740880071064,0.019315188762071993,518.6474099973566,breast tumor,0.84765625
case070,,,,,,,526,623,[],0.8083958415580997,0.6784097183876311,0.9896890607378765,0.6832387943499054,0.9997991885964225,0.841518991473164,15.48334627019647,8.536785980340014,-0.309642976309643,507.2657030032133,breast tumor,0.65234375
case071,,,,,,,532,545,[],0.8529076396807298,0.7435387673956262,0.8094264758927497,0.9013254786450663,0.9884728111068283,0.9448991448759473,14.0,8.575593832814729,0.11353594858749498,508.5017249948578,breast tumor,0.81640625
case072,,,,,,,470,503,[],0.9476005364977608,0.900419060785415,0.950127644055434,0.9450868362581055,0.9948963644760843,0.969991600367095,10.295630140987,3.723397865891099,-0.005305400625765202,527.0659300003899,breast tumor,0.90234375
case073,,,,,,,537,485,[],0.1486907320496513,0.08031652767247915,0.12378587599503396,0.18614100593015595,0.9522636757526687,0.5692023408414123,148.61950136061884,55.14537817234585,0.5037338018888645,506.48452000314137,breast tumor,0.59765625
case074,,,,,,,385,930,[],0.8598539234658843,0.7541611914148051,0.8083333333333333,0.9183891185491398,0.9953416193364161,0.956865368942778,17.070390779311374,5.909354025423498,0.13615148686491532,502.1513660030905,breast tumor,0.83203125
case075,,,,,,,469,433,[],0.0,0.0,0.0,0.0,0.9604064088310038,0.4802032044155019,88.20855909494728,52.37945140994642,3.9700934579439253,512.227580002218,breast tumor,0.71484375
case076,,,,,,,537,485,[],0.941286509927299,0.889085214039033,0.9202759996674703,0.9632788026453185,0.9872681651022928,0.9752734838738056,14.411766697997981,5.0957494013327596,0.046728158719108945,551.9669830027851,breast tumor,0.90234375
case077,,,,,,,538,831,[],0.9534881756756757,0.9111107524191531,0.983439901040124,0.925306952117109,0.9941520647733425,0.9597295084452258,16.76305461424021,8.094037511651488,-0.05911184695834631,544.8886949961889,breast tumor,0.8984375
case078,,,,,,,470,503,[],0.9642522342353603,0.9309720629940265,0.9768899582119792,0.9519373149062191,0.9914907505624264,0.9717140327343228,10.658182573041495,4.393233936284854,-0.025542941757156958,524.5070040036808,breast tumor,0.94921875
case079,,,,,,,537,485,[],0.7467484441237485,0.5958488067478481,0.6788009969828152,0.8298119712945515,0.9584122427835008,0.8941121070390261,63.8200595424354,19.19000418040458,0.22246722527362386,540.3726920048939,breast tumor,0.70703125
case080,,,,,,,609,761,[],0.9461158235186429,0.8977417486971627,0.9608924697861791,0.9317867660316125,0.9985877666122065,0.9651872663219094,9.0,3.4932753233886524,-0.030290281867900715,537.9624130000593,breast tumor,0.84765625
case081,,,,,,,537,485,[],0.8834359958261806,0.7912094537561799,0.813879930538328,0.965991902834008,0.9878433119987037,0.9769176074163559,21.947613182952615,6.799104968893605,0.18689731321310268,538.6960420000833,breast tumor,0.765625
case082,,,,,,,537,485,[],0.8983695349743095,0.8154908233709379,0.8629155827958522,0.9368616527390901,0.9836016658354539,0.9602316592872719,31.11269837220809,8.118518479486166,0.08569328381306097,511.89908100059256,breast tumor,0.796875
case083,,,,,,,562,795,[],0.49854484349723266,0.3320411144735469,0.3320411144735469,1.0,0.6658732457960439,0.832936622898022,217.73285697432055,87.01307686724316,2.0116752305975893,533.4857080015354,breast tumor,0.73046875
case084,,,,,,,469,433,[],0.0,0.0,0.0,0.0,0.9441262174676672,0.4720631087338336,95.9311710585798,56.927441678996715,3.2081924088688463,555.1485360047081,breast tumor,0.8828125
case085,,,,,,,289,930,[],0.4245671887881286,0.26949241234955523,0.5016233766233766,0.3680323963792282,0.975632793339101,0.6718325948591646,168.01488029338353,67.443954536827,-0.26631729394949977,563.9659380030935,breast tumor,0.81640625
case086,,,,,,,469,433,[],0.5445929937383652,0.3741860465116279,0.9367586056327778,0.3838835704273657,0.9948745473204912,0.6893790588739285,105.14412956834036,38.95734136081835,-0.5902001133279652,499.08566199883353,breast tumor,0.5859375
case087,,,,,,,537,485,[],0.8834494773519164,0.7912310812919332,0.9616916366394842,0.8169808280973095,0.9992054688913538,0.9080931484943316,17.60696244569156,4.454185599589178,-0.1504752698566135,525.2204319986049,breast tumor,0.703125
case088,,,,,,,386,930,[],0.0,0.0,0.0,0.0,0.9189918628486241,0.45949593142431205,244.85786754658193,120.29585865016733,-0.29505405405405405,539.8641220017453,breast tumor,0.671875
case089,,,,,,,537,485,[],0.0,0.0,0.0,0.0,1.0,0.5,722.1855717196239,722.1855717196239,-1.0,559.1756119974889,breast tumor,0.0
case090,,,,,,,537,485,[],0.9008994408880966,0.8196697139486877,0.9654393886766238,0.8444478201427921,0.9992161095398288,0.9218319648413105,8.54400374531753,3.8896997140164307,-0.12532280115448882,532.7786159978132,breast tumor,0.87890625
case091,,,,,,,532,545,[],0.785796434732605,0.6471702581103481,0.6614764017749092,0.9676619851292341,0.9850923909374811,0.9763771880333576,30.0,11.301660869831414,0.462882096069869,538.2265190055477,breast tumor,0.8515625
case092,,,,,,,413,794,[],0.08684766374564384,0.045395059295527694,0.29441258397509423,0.0509366353698916,0.8579243266071028,0.4544304809884972,403.5973235569276,156.35276335966708,-0.8269889327346124,514.2001689964673,breast tumor,0.6015625
case093,,,,,,,537,485,[],0.8843422285351628,0.7926644273485751,0.9993852459016394,0.7930511138815112,0.9999628093026331,0.8965069615920722,19.0,7.257082015278986,-0.20646105479971813,512.5646870001219,breast tumor,0.8203125
case094,,,,,,,538,831,[],0.8756292567367486,0.7787727153015539,0.9810882548108826,0.7906417112299465,0.9993346997278105,0.8949882054788785,43.038940461915836,9.084203727507187,-0.19411764705882353,509.38155500625726,breast tumor,0.91796875
case095,,,,,,,533,887,[],0.9241218707549,0.8589466089466089,0.9891981719983381,0.8670793882010197,0.9998887174471782,0.933484052824099,5.830951894845301,2.623956010999149,-0.12345229424617625,564.5134340011282,breast tumor,0.88671875
case096,,,,,,,532,545,[],0.9154078549848943,0.8440111420612814,0.9177845088706188,0.9130434782608695,0.9986680406878519,0.9558557594743606,5.385164807134504,2.777007046579279,-0.005165733964700818,511.18755199422594,breast tumor,0.6328125
case097,,,,,,,500,797,[],0.8415261756876664,0.7264093137254902,0.7273324860861563,0.9982557440153975,0.9837066676443015,0.9909812058298495,26.30199132063954,11.43799430614111,0.3724888728497534,564.8893480029074,breast tumor,0.69140625
case098,,,,,,,532,545,[],0.9479820059557752,0.9011081667068176,0.9587338203255158,0.937468671679198,0.998857994041708,0.9681633328604531,6.082762530298219,2.0006402454453056,-0.02218045112781955,504.2096760007553,breast tumor,0.86328125
case099,,,,,,,537,485,[],0.5259009009009009,0.3567608861726509,0.385822868473232,0.8256718528995757,0.9708229162169482,0.8982473845582619,71.78857799231095,22.921561543608362,1.14002828854314,552.807510997809,breast tumor,0.5546875
case100,,,,,,,538,831,[],0.5787865827579887,0.40724818365504495,0.463726258077149,0.7697870957256623,0.9481378383112488,0.8589624670184555,119.98790498482862,37.1799785009292,0.6600032504469364,501.6314149979735,breast tumor,0.51171875
case101,,,,,,,538,831,[],0.15154362883296787,0.08198388190103185,1.0,0.08198388190103185,1.0,0.540991940950516,149.06873306427389,71.75506859838177,-0.9180161180989681,518.2593599965912,breast tumor,0.80859375
case102,,,,,,,469,433,[],0.0,0.0,0.0,0.0,0.9802359762811512,0.4901179881405756,113.85824375957229,54.97216004923796,-0.2313887252013357,510.70339800207876,breast tumor,0.71484375
case103,,,,,,,538,831,[],0.0,0.0,0.0,0.0,0.9051372256375633,0.45256861281878163,280.5766382858179,123.39613884933902,0.6040940592076273,547.9879729973618,breast tumor,0.83203125
case104,,,,,,,537,485,[],0.00019513146982779649,9.757525491535346e-05,0.00012220457045093486,0.0004839099927413501,0.8702191697167488,0.4353515398547451,194.57323828421417,80.62341136005762,2.959835470602468,523.679826001171,breast tumor,0.8828125
case105,,,,,,,538,831,[],0.5511482934292551,0.3804035229621641,0.9886715328467153,0.3820688721397301,0.9981472992589197,0.6901080856993249,256.69901558758164,77.92328824651254,-0.6135532788734938,528.1515200040303,breast tumor,0.6640625
case106,,,,,,,538,831,[],0.9070564439186353,0.8299206659589922,0.8404146983112217,0.985177324954819,0.9708272465192042,0.9780022857370116,22.02271554554524,10.712749837951154,0.17225142174987151,551.2720920014544,breast tumor,0.734375
case107,,,,,,,469,433,[],0.0796983460450767,0.04150303463048911,0.04158915283342873,0.9524784924211389,0.732954205626109,0.842716349023624,174.0028735394907,105.58998218423037,21.902089307660795,566.1174380002194,breast tumor,0.7578125
case108,,,,,,,518,727,[],0.8794981842192142,0.7849145550972304,0.9671446723543293,0.8064174360526714,0.9995107830444431,0.9029641095485572,7.0,4.222009930856137,-0.1661873770243681,586.4678789948812,breast tumor,0.80078125
case109,,,,,,,537,485,[],0.0005565174375463765,0.0002783361682387506,0.0005399892002159956,0.0005740894303757096,0.9319437181330893,0.4662589037817325,151.64695842073655,76.918236509545,0.06314983734132806,557.0316849989467,breast tumor,0.671875
case110,,,,,,,537,485,[],0.9720663475821093,0.9456508650102357,0.9772274763563962,0.9669594483664423,0.9976745269632034,0.9823169876648228,7.397592015084674,2.278998481191996,-0.01050730586110655,532.0934779956588,breast tumor,0.86328125
case111,,,,,,,537,485,[],0.9464822017625917,0.898401719786896,0.9252984212552946,0.9686586717726494,0.9969024676475519,0.9827805697101006,7.280109889280518,2.674882553393382,0.04686082837851456,546.8133489994216,breast tumor,0.875
case112,,,,,,,538,830,[],0.8342702268620759,0.7156634805821063,0.8275250916042696,0.8411262245971987,0.978191350066476,0.9096587873318374,49.25341866150006,16.770151527845584,0.016435916120152213,530.7263380018412,breast tumor,0.7109375
case113,,,,,,,618,676,[],0.0,0.0,0.0,0.0,0.9539573322635877,0.47697866613179385,367.7219057908394,201.30377197234336,-0.7852659264380906,538.3327930030646,breast tumor,0.73046875
case114,,,,,,,537,485,[],0.8945546458596626,0.8092255691420618,0.8572481701858775,0.9352559315218015,0.9888453657452744,0.962050648633538,27.65863337187866,7.68587172170815,0.09099787441833745,530.6783420019201,breast tumor,0.84375
case115,,,,,,,598,656,[],0.0,0.0,0.0,0.0,0.9097052709544702,0.4548526354772351,244.2130183320518,144.95996533451998,0.4942071125027958,543.8816460009548,breast tumor,0.671875
case116,,,,,,,527,957,[],0.8759390651085142,0.7792629722454284,0.987414725946836,0.787080442527658,0.9997832573383596,0.8934318499330087,19.235384061671343,6.2481819539403745,-0.20288768048003,581.8307610024931,breast tumor,0.63671875
case117,,,,,,,537,485,[],0.8616156499505512,0.7568758740517862,0.8092066512618368,0.9212834003920355,0.98253124753691,0.9519073239644728,50.20956084253277,9.936758539827801,0.1385020117610647,513.9727650021086,breast tumor,0.7890625
case118,,,,,,,537,485,[],0.9405273833671399,0.8877316587532547,0.9776503331365438,0.9061205346673963,0.9989299500912571,0.9525252423793267,7.0,3.0754965177801643,-0.07316501211600093,605.4264620033791,breast tumor,0.92578125
case119,,,,,,,527,957,[],0.7002097084974502,0.5387097542389027,0.6651719423085405,0.7391439307302728,0.9486063877561614,0.8438751592432171,85.18567367450724,33.537603903822585,0.11120731906551218,516.7752069974085,breast tumor,0.63671875
case120,,,,,,,526,623,[],0.9282366420164566,0.866083576287658,0.963980530016225,0.8950487094506377,0.9989519766098803,0.947000343030259,10.954065922853792,3.5510996573418585,-0.07150748217334539,543.1447809969541,breast tumor,0.74609375
case121,,,,,,,537,485,[],0.8984105044920525,0.8155583437892095,0.9969325153374233,0.8176100628930818,0.9999289352126022,0.908769499052842,8.94427190999916,4.344750968047885,-0.17987421383647798,537.3290280040237,breast tumor,0.90625
case122,,,,,,,537,485,[],0.8354339214980194,0.717377860235003,0.7251812953238309,0.9852216748768473,0.9913654255611688,0.988293550219008,19.4164878389476,6.955781229873106,0.3585867164939698,509.73713499843143,breast tumor,0.65234375
case123,,,,,,,481,940,[],0.9148309143151846,0.8430307556521148,0.9084058819225986,0.9213474808933739,0.9971458727998487,0.9592466768466112,12.0,5.022740548328171,0.014246494026860576,520.4166719995555,breast tumor,0.79296875
case124,,,,,,,518,727,[],0.9515133895403302,0.9075112453016205,0.9743962950711214,0.929680595884358,0.9989272170846917,0.9643039064845249,10.024937810560445,2.741920088705985,-0.04589067036990279,542.2962430020561,breast tumor,0.8984375
case125,,,,,,,537,485,[],0.8608406955151652,0.7556806955147204,0.7870961103107635,0.9498323606109524,0.9918024343085359,0.9708173974597442,17.01322386466688,5.697905848526724,0.20675524649199056,525.7689800055232,breast tumor,0.671875
case126,,,,,,,469,433,[],0.9030745967741935,0.823278040711299,0.9575650686761797,0.8544518098144881,0.9956399499198278,0.9250458798671579,30.688364584022363,6.196836230620087,-0.10768276980304259,568.7664740034961,breast tumor,0.80859375
case127,,,,,,,526,623,[],0.9130395042319434,0.8399932727884292,0.9968465591569535,0.8422312906815959,0.9997349411334454,0.9209831159075206,14.142135623730951,6.860625240201521,-0.15510438096522883,516.4920149982208,breast tumor,0.85546875
case128,,,,,,,470,503,[],0.9363496189915753,0.8803171001582699,0.953617867059127,0.9196956394498098,0.981811150116023,0.9507533947829164,27.349424342033075,8.178956973248189,-0.03557213930348259,556.1710740003036,breast tumor,0.90234375
case129,,,,,,,538,831,[],0.9427976791120081,0.8917854799260275,0.9419659735349717,0.9436308546900644,0.9955656557388889,0.9695982552144766,13.601470508735444,4.708320759338891,0.001767453604342886,526.0401459963759,breast tumor,0.66015625
case130,,,,,,,537,485,[],0.0,0.0,0.0,0.0,0.9394213452660883,0.46971067263304417,213.1335200063161,144.99757600234037,1.5128037840482793,574.8172120001982,breast tumor,0.703125
case131,,,,,,,554,794,[],0.912967019405794,0.83987057955384,0.9590355198340679,0.8711215778628202,0.9985055250643783,0.9348135514635992,11.797142273814314,4.807377676034297,-0.09166911981159846,595.3155309980502,breast tumor,0.890625
case132,,,,,,,533,887,[],0.9348988035334899,0.8777558476462437,0.9849677206540691,0.8896739593087597,0.9992899703301081,0.9444819648194339,11.681162044153664,4.956196100603565,-0.09674810589937856,543.239040998742,breast tumor,0.828125
case133,,,,,,,541,437,[],0.9062961544773261,0.8286485945783735,0.9901984221850346,0.8355017650025214,0.9992427985059121,0.9173722817542167,12.0,6.441349218952726,-0.1562279374684821,590.9317030018428,breast tumor,0.62890625
case134,,,,,,,554,795,[],0.8943668753009147,0.8089183069151715,0.9817144065109397,0.8212927756653993,0.9995968503056247,0.910444812985512,9.0,4.943962634738076,-0.16340967371120346,509.04014200204983,breast tumor,0.90234375
case135,,,,,,,469,433,[],0.9246749673247575,0.8599027635619243,0.9308864265927977,0.9185458521251879,0.997450960359624,0.957998406242406,8.0,3.1996036792257025,-0.013256799234659014,538.6471910023829,breast tumor,0.76171875
case136,,,,,,,598,738,[],0.8869614673681218,0.7968829841594277,0.919245505452402,0.8568681318681318,0.9987374551888749,0.9278027935285034,10.0,4.760078931932305,-0.06785714285714285,513.8054370036116,breast tumor,0.625
case137,,,,,,,526,623,[],0.9366227752857763,0.880800108858348,0.9940110565110565,0.8854993160054719,0.9998782725944791,0.9426887942999755,5.385164807134504,2.393469061164633,-0.10916552667578659,531.054730003234,breast tumor,0.7421875
case138,,,,,,,537,485,[],0.49657561840302955,0.330296371724101,0.36484726497750414,0.7771752837326608,0.8639918869240033,0.8205835853283321,122.723265927859,33.82497119276077,1.1301387137452712,558.6862760028453,breast tumor,0.625
case139,,,,,,,532,545,[],0.9575626393808212,0.9185805071415089,0.9808519215264714,0.9353536647872885,0.9989611128122129,0.9671573887997507,10.295630140987,2.6514772099196136,-0.046386468477703745,569.9796650005737,breast tumor,0.90234375
case140,,,,,,,552,738,[],0.5672196012783443,0.39588732633725626,0.8497948016415868,0.42567382366377343,0.9957274712959744,0.7107006474798739,174.61697405432187,49.68940662409017,-0.4990863407948835,600.1850579996244,breast tumor,0.6953125
case141,,,,,,,609,761,[],0.5445309263740816,0.37412744539980225,0.37509761909529626,0.9931341621822231,0.8533939670116459,0.9232640645969346,134.10778537729362,55.390486426459965,1.6476685311348513,534.1735250040074,breast tumor,0.703125
case142,,,,,,,533,887,[],0.951035692278523,0.9066425666516041,0.9890564921620822,0.9158298338506482,0.9995076109594268,0.9576687224050375,8.06225774829855,3.584356768090961,-0.07403688150447325,528.7639489979483,breast tumor,0.93359375
case143,,,,,,,532,545,[],0.6789611056437466,0.5139599663146984,0.53038304699512,0.9431764146457442,0.9750468869881503,0.9591116508169473,49.71819758788322,16.128173100493367,0.7782929148834997,580.6941069968161,breast tumor,0.76953125
case144,,,,,,,555,641,[],0.9646249171713884,0.9316671157819096,0.9891050398130931,0.9413272830402722,0.9965845182264905,0.9689559006333814,13.416407864998739,5.123539856584378,-0.048304027226318776,509.5441570010735,breast tumor,0.90625
case145,,,,,,,552,738,[],0.7827636293211968,0.6430662508750716,0.9956153315597596,0.6448926189488464,0.9997633224213446,0.8223279706850954,47.948375808863176,17.504579618452592,-0.3522672878705683,549.6752390026813,breast tumor,0.734375
case146,,,,,,,469,433,[],0.9457557154953429,0.8970935194016365,0.9301030498594774,0.9619442351168048,0.992720827755164,0.9773325314359844,9.776452837537894,3.4257373666236606,0.034234040262676284,510.34808000258636,breast tumor,0.82421875
case147,,,,,,,537,485,[],0.0,0.0,0.0,0.0,1.0,0.5,722.1855717196239,722.1855717196239,-1.0,519.8931479972089,breast tumor,0.0
case148,,,,,,,469,433,[],0.9387699810349499,0.8846055654837887,0.9542825667860093,0.9237536656891495,0.9911763663638834,0.9574650160265165,15.290507307873293,5.61445280375292,-0.03199146894161557,543.1280460034031,breast tumor,0.90625
case149,,,,,,,532,545,[],0.9139278680452979,0.8414983141132802,0.9749523997111155,0.860092673037938,0.9970126463333464,0.9285526596856422,25.624887791289257,7.273970542443508,-0.11781059947871417,506.9705639980384,breast tumor,0.87890625
case150,,,,,,,469,433,[],0.8760707788986274,0.7794714849037726,0.848974358974359,0.9049538776904681,0.9874974793305101,0.9462256785104891,22.80350850198276,6.531066932042466,0.06593782029381619,514.913462997356,breast tumor,0.85546875
case151,,,,,,,533,887,[],0.7973183792216554,0.6629504978263918,0.9474897284297024,0.6882370068423351,0.9988584698703579,0.8435477383563466,85.70297544426332,14.080932162603853,-0.2736206143543456,541.3200029943255,breast tumor,0.76953125
case152,,,,,,,526,623,[],0.9100233591513427,0.8349017080244924,0.9724119810825013,0.8551576167684436,0.9975286059656426,0.9263431113670431,18.384776310850235,7.1703559875267855,-0.12058095395279748,544.138095996459,breast tumor,0.86328125
case153,,,,,,,537,485,[],0.8673680767553423,0.765798719738172,0.9095118326283297,0.8289569657184537,0.9934383691673817,0.9111976674429176,23.0,9.060350131274022,-0.08856934458685006,514.6444320052979,breast tumor,0.7578125
case154,,,,,,,526,623,[],0.8895980164833903,0.8011495203440291,0.8693018664752333,0.9108645573785906,0.9904936575432322,0.9506791074609113,23.769728648009426,7.567775857859572,0.04781157444407879,506.20211400382686,breast tumor,0.734375
case155,,,,,,,469,433,[],0.2802300974635629,0.16294627383015597,1.0,0.16294627383015597,1.0,0.581473136915078,188.90335004321133,64.99833085028853,-0.837053726169844,533.9105200037011,breast tumor,0.8359375
case156,,,,,,,598,536,[],0.9187911242772097,0.8497813372675062,0.8520710059171598,0.9968477656221028,0.9908000354855774,0.9938239005538401,10.601669917161018,5.020080953037124,0.16991161382038444,577.2038059949409,breast tumor,0.85546875
case157,,,,,,,467,738,[],0.27623193353818143,0.16024889827850858,0.8912245272627134,0.16344567522979025,0.9958456619595855,0.5796456685946878,250.31580054003783,84.35842797246137,-0.816605501498266,528.3474569951068,breast tumor,0.83203125
case158,,,,,,,537,485,[],0.7695208451800197,0.6253830811888894,0.6373980515134238,0.97074036319704,0.9374802314945417,0.9541102973457909,76.44407658638113,19.341075478361336,0.5229735341865821,523.2819049997488,breast tumor,0.75
case159,,,,,,,532,545,[],0.8581345873922294,0.7515199058638948,0.7515199058638948,1.0,0.9955716023319865,0.9977858011659932,10.44030650891055,4.2875606699850035,0.33063674321503134,527.0696149964351,breast tumor,0.70703125
case160,,,,,,,572,761,[],0.5468645730116681,0.37633421005023726,0.9199863922435788,0.38906872689081673,0.9935699933020764,0.6913193600964466,172.97260993611812,63.24866778090246,-0.5770929546664365,543.3469409981626,breast tumor,0.6796875
case161,,,,,,,537,485,[],0.30242776049517334,0.17815310209325172,0.17823391547592046,0.9974613920033848,0.9149883856435604,0.9562248888234726,138.48464714937612,56.31658880308239,4.596361328538185,503.07552700542146,breast tumor,0.64453125
case162,,,,,,,537,485,[],0.690993668432614,0.5278764905630577,0.8708311620635748,0.5727198731953905,0.99163651086874,0.7821781920320653,56.50653701384347,19.845952618489786,-0.34232960630595893,525.6672640025499,breast tumor,0.6640625
case163,,,,,,,470,503,[],0.8226600985221675,0.698744769874477,0.8639683505782106,0.7851216814159292,0.9980798474187479,0.8916007644173385,8.246211251235321,4.849555494878461,-0.09126106194690266,512.4010490035289,breast tumor,0.8046875
case164,,,,,,,537,485,[],0.452187452529242,0.29214613440635967,0.9995802552048355,0.2921819787985866,0.9999772409680782,0.6460796098833324,138.2937328034191,47.61619040844355,-0.7076953278366706,502.6096899964614,breast tumor,0.6875
case165,,,,,,,469,433,[],0.9195837275307474,0.851138353765324,0.874744334451444,0.9692684253467501,0.9920279516365871,0.9806481884916686,8.602325267042627,4.392956070725024,0.1080591061553803,521.2796249979874,breast tumor,0.828125
case166,,,,,,,598,590,[],0.773007832085617,0.6300022545372562,0.6311940593500297,0.997011863348497,0.9604658623841549,0.9787388628663259,70.94292943456712,19.853484767990015,0.5795647132280796,601.7273359975661,breast tumor,0.62890625
case167,,,,,,,533,887,[],0.9232795935010351,0.8574924260079235,0.9474700656624179,0.9002936138977244,0.998212184749673,0.9492528993236987,8.0,4.634082360884585,-0.04979202348911182,606.9665210015955,breast tumor,0.83984375
case168,,,,,,,537,485,[],0.874268327273665,0.7766223057012621,0.9988804760922724,0.777298883514065,0.9998247442649867,0.8885618138895258,38.01315561749642,11.623018731775963,-0.22182993649556387,580.7107910004561,breast tumor,0.6953125
case169,,,,,,,537,485,[],0.9210806967650196,0.8537067545304777,0.8959197786998617,0.9476956839795172,0.9988320250202747,0.9732638544998959,5.0,2.194268563522383,0.05779078273591807,537.9967030021362,breast tumor,0.82421875
case170,,,,,,,413,794,[],0.0,0.0,0.0,0.0,0.9556204930008955,0.47781024650044773,227.01762041875935,117.0694730574924,0.461053067135616,574.9365960000432,breast tumor,0.68359375
case171,,,,,,,537,485,[],0.0008110628979277343,0.0004056959714390036,0.0004794323520951194,0.002630886608787161,0.9187668521375913,0.46069886937318927,212.92015535559537,93.30088488297201,4.487503288608261,542.3017149951193,breast tumor,0.7109375
case172,,,,,,,537,485,[],0.7074422767910101,0.5473196779441826,0.547401887563941,0.999725680844903,0.7216108567557025,0.8606682688003027,118.08577366831965,50.770155252873536,0.8263102549644147,523.7484280005447,breast tumor,0.67578125
case173,,,,,,,547,363,[],0.8417829193603267,0.7267920094007051,0.9829161700437028,0.7360904492710503,0.9997797131147541,0.8679350811929022,8.567332354007567,4.219957853955326,-0.25111573936328474,549.7128330025589,breast tumor,0.81640625
case174,,,,,,,538,831,[],0.8674501992031872,0.7659267597706406,0.9259196257707846,0.8159265504965336,0.9911508021173052,0.9035386763069194,50.45988178939963,15.85597534340592,-0.11879332958590968,559.4473140008631,breast tumor,0.87890625
case175,,,,,,,542,789,[],0.6939500988691151,0.5313350571584105,0.5586478268646038,0.9157382432273954,0.9372957589002109,0.9265170010638031,107.60710334690648,32.985977141907114,0.6392048786208514,553.8549169941689,breast tumor,0.671875
case176,,,,,,,541,437,[],0.0,0.0,0.0,0.0,0.9949783804565022,0.4974891902282511,285.49246916058866,194.08605809710463,-0.958877487562189,512.0335940009682,breast tumor,0.61328125
case177,,,,,,,413,794,[],0.0011266303641327112,0.000563632684914877,0.0005803830528148578,0.019155206286836934,0.7939218008751526,0.4065385035809948,372.0147537469618,177.36558760410188,32.00442043222004,504.5570910006063,breast tumor,0.7890625
case178,,,,,,,386,424,[],0.8520195951566688,0.7421900161030596,0.7671438082556591,0.9580128871336521,0.9911931156478002,0.9746030013907261,13.416407864998739,4.103320805792866,0.2488048222822698,525.5804050029838,breast tumor,0.76953125
case179,,,,,,,526,623,[],0.8886592611728236,0.799628079962808,0.9940281256020035,0.8034880099657428,0.9999035097548525,0.9016957598602977,12.0,4.34424049491561,-0.19168483338523826,522.6116980047664,breast tumor,0.74609375
case180,,,,,,,572,761,[],0.9022019110926465,0.8218286406297306,0.8529457973291438,0.9574955908289242,0.9978213406203593,0.9776584657246418,8.94427190999916,3.807372545607164,0.12257495590828923,621.1359599983552,breast tumor,0.78515625
case181,,,,,,,537,485,[],0.8253880266075388,0.7026899480887211,0.7114190157668419,0.9828382838283828,0.9976673232147685,0.9902528035215756,6.324555320336759,3.4523938953850895,0.3815181518151815,596.6509529971518,breast tumor,0.58984375
case182,,,,,,,537,485,[],0.956188544219987,0.9160548477650615,0.9493146853146853,0.9631626745374049,0.9962689486753944,0.9797158116063996,8.567332354007567,2.8647033512763147,0.014587353842660916,587.4570230007521,breast tumor,0.8984375
case183,,,,,,,518,727,[],0.9110462996718921,0.8366253766320723,0.8455898939769908,0.9874868282402529,0.9962899125731042,0.9918883704066785,8.0,3.760387332328314,0.1678082191780822,540.6469630033826,breast tumor,0.74609375
case184,,,,,,,385,930,[],0.8929989348310254,0.8066829951014696,0.8896392050935752,0.8963841368584758,0.9983791717907885,0.9473816543246322,8.67071459563391,3.8431508790336517,0.007581648522550544,527.9109669936588,breast tumor,0.87890625
case185,,,,,,,469,433,[],0.9490201532060866,0.9029860621030346,0.9840655643145549,0.9163850406212931,0.995814288239602,0.9560996644304476,20.223748416156685,4.877594339159627,-0.0687764374118753,553.3847050028271,breast tumor,0.890625
case186,,,,,,,615,508,[],0.7101792710022741,0.5506030838519158,0.9506769263005949,0.566794369950862,0.9748301017013592,0.7708122358261106,116.0,54.71923924195509,-0.4037991727048111,517.1634299986181,breast tumor,0.5078125
case187,,,,,,,609,761,[],0.0,0.0,0.0,0.0,0.9631476428135435,0.48157382140677174,143.8977048088226,85.34565932570517,-0.07912297426120114,521.1384249996627,breast tumor,0.7109375
case188,,,,,,,518,727,[],0.9546228898869444,0.9131851851851852,0.9773784355179704,0.9329028352335789,0.999416376900525,0.9661596060670519,5.385164807134504,2.3398512903753046,-0.04550499445061043,579.7851230017841,breast tumor,0.91796875
case189,,,,,,,537,485,[],0.0,0.0,0.0,0.0,0.9948524045404432,0.4974262022702216,131.4610208388783,104.93865545753732,-0.5345735345735346,507.95531799667515,breast tumor,0.578125
case190,,,,,,,537,485,[],0.908521251597477,0.8323764919172081,0.9996068944662836,0.8326490516611672,0.9999411082520929,0.9162950799566301,15.96227766016837,8.349065862987382,-0.16702350066748947,549.4217070008744,breast tumor,0.9453125
case191,,,,,,,598,844,[],0.8383664078228358,0.7217132953701412,0.7350901525658807,0.9754057219340806,0.9957873419751972,0.9855965319546389,21.899728313394395,6.27218473704443,0.32691985946126817,541.8707099961466,breast tumor,0.84375
case192,,,,,,,469,433,[],0.8838533633883023,0.7918792517006803,0.9504975759122225,0.8259423503325942,0.9990229997935206,0.9124826750630575,7.810249675906654,3.4605927523709292,-0.1310421286031042,558.0694979944383,breast tumor,0.8984375
case193,,,,,,,500,797,[],0.8814720812182741,0.7880644429316995,0.8089913813184253,0.9682185670476722,0.9979235932977644,0.9830710801727183,10.89915960451558,3.8663902715643137,0.1968218567047672,523.8616309943609,breast tumor,0.6484375
case194,,,,,,,500,797,[],0.0,0.0,0.0,0.0,0.9830371225351857,0.49151856126759286,384.0010416649006,209.5493069986421,-0.9168813479020461,509.90126699616667,breast tumor,0.59765625
case195,,,,,,,618,676,[],0.4908569918913976,0.32525545243494514,0.32941099455018574,0.9626630105538373,0.6537733563916381,0.8082181834727378,230.02274268398222,88.16835598606433,1.9223766859037719,586.4931359974435,breast tumor,0.640625
case196,,,,,,,500,797,[],0.9205497820985585,0.8527950310559006,0.9175762976163956,0.923542600896861,0.9990610090346158,0.9613018049657385,6.647187993486051,2.6224951321195853,0.006502242152466368,590.3965019970201,breast tumor,0.875
case197,,,,,,,526,623,[],0.4420985918282466,0.28377828629544877,0.28377828629544877,1.0,0.8155126794509064,0.9077563397254532,151.06702710524223,71.06646765596412,2.5238777887286084,568.8635859987698,breast tumor,0.76171875
case198,,,,,,,532,545,[],0.9290909846627042,0.86757228798758,0.9920557429433694,0.8736418353787228,0.9993228776564758,0.9364823565175993,20.248456731316587,5.403712820406302,-0.11936215117642461,538.1889700001921,breast tumor,0.8984375
case199,,,,,,,537,485,[],0.5265774378585086,0.35738385673501166,0.37095905172413796,0.9071146245059288,0.9909820142356726,0.9490483193708007,47.64450826488528,12.824793823927136,1.4453227931488801,551.8233950060676,breast tumor,0.59765625
case200,,,,,,,518,727,[],0.957463384231848,0.9183978478553281,0.9464524078447479,0.9687335785601682,0.9970829744151966,0.9829082764876824,7.0,3.074110108654942,0.02354177614293221,558.1582469967543,breast tumor,0.86328125
case201,,,,,,,618,676,[],0.9421157684630739,0.8905660377358491,0.9188204108681246,0.9666230936819172,0.9975879476141603,0.9821055206480387,6.708203932499369,2.893320719085402,0.052026143790849674,523.4924479955225,breast tumor,0.84765625
case202,,,,,,,506,873,[],0.9587038486163477,0.9206831767719897,0.9636740677178305,0.953784634983545,0.9975428014481993,0.9756637182158722,10.418605053722006,3.0625373964410874,-0.010262217346686012,513.74712499819,breast tumor,0.87890625
case203,,,,,,,537,485,[],0.9553531853165169,0.9145226615236258,0.9650358189514816,0.9458629218862203,0.9963505665331231,0.9711067442096717,7.635220762868165,3.1330799405466996,-0.019867549668874173,568.2237949949922,breast tumor,0.68359375
case204,,,,,,,385,930,[],0.306076160916796,0.18069062720225512,0.18069911670738584,0.9997400571874188,0.9507683447062842,0.9752542009468514,112.28534628035082,48.18388921205652,4.5326228229789445,520.4344180019689,breast tumor,0.80859375
case205,,,,,,,469,433,[],0.8366095962798563,0.7191133720930233,0.872190392243279,0.8038180341186028,0.9985544450813748,0.9011862395999888,9.848857801796104,4.2120265518798625,-0.07839155158407798,540.6493839982431,breast tumor,0.84375
case206,,,,,,,469,433,[],0.8950757207025546,0.8100787877262315,0.8557904533971546,0.9381413246268657,0.9678680831649612,0.9530047038959135,40.83844568075239,9.55643432708368,0.09622784514925373,581.1773690002155,breast tumor,0.89453125
case207,,,,,,,527,957,[],0.9496938170803977,0.9042066328129897,0.9802229169498436,0.9210089399744572,0.9994045170756264,0.9602067285250417,7.0,3.0012404918933724,-0.06040868454661558,553.4127699938836,breast tumor,0.83203125
case208,,,,,,,569,794,[],0.9257433369280542,0.8617524738276208,0.9764380890477738,0.8800527240773286,0.9996741265467752,0.9398634253120519,6.0,3.0168255752055027,-0.0987111892208553,559.5197380025638,breast tumor,0.609375
case210,,,,,,,537,485,[],0.8788924970090582,0.7839502408683456,0.9976718919757877,0.7853870120349441,0.9998770874645602,0.8926320497497522,13.45362404707371,7.791791426079665,-0.21278025536074288,540.3723710041959,breast tumor,0.81640625
case211,,,,,,,609,761,[],0.0,0.0,0.0,0.0,0.9527696649124933,0.47638483245624663,346.5937823973305,259.6845791375196,0.19258000566411781,549.4086110047647,breast tumor,0.7109375
case212,,,,,,,537,485,[],0.0,0.0,0.0,0.0,0.891085861449003,0.4455429307245015,211.85547101593968,106.79966988024032,0.9939951071243235,532.864671004063,breast tumor,0.70703125
case214,,,,,,,600,761,[],0.8340843257161249,0.7153899240855762,0.7196945151585281,0.9917086548887046,0.9862651132515802,0.9889868840701423,44.23080922540654,12.088972694270817,0.3779577779195102,557.6814080050099,breast tumor,0.72265625
case215,,,,,,,542,789,[],0.9360985743964467,0.8798734091980338,0.958131690863763,0.9150560224089636,0.9986186308236444,0.9568373266163039,9.0,3.6503582070605516,-0.04495798319327731,570.6290590023855,breast tumor,0.56640625
case216,,,,,,,542,789,[],0.9601780343762759,0.9234061850196876,0.9963481436396835,0.9265420726699665,0.9990934192906155,0.9628177459802909,12.727922061357855,4.882656722643661,-0.07006192706368056,514.8645949957427,breast tumor,0.9140625
case217,,,,,,,413,794,[],0.9100048290091751,0.8348705143179347,0.8369604715952679,0.9970179404550046,0.9868525157017689,0.9919352280783867,13.061313135917425,6.252496356099372,0.19123659275648117,578.577544001746,breast tumor,0.83984375
case218,,,,,,,469,433,[],0.8168839230291745,0.6904512067156349,0.8820375335120644,0.7606936416184971,0.9959445343383242,0.8783190879784106,25.830457048600252,7.73200773036991,-0.1375722543352601,587.6088889999664,breast tumor,0.74609375
case219,,,,,,,541,437,[],0.691084945332212,0.5279830366895842,0.9848975188781014,0.5322925438880611,0.9987739791673762,0.7655332615277186,95.32834768883902,27.341197280344037,-0.45954524842909894,555.3543889982393,breast tumor,0.76171875
case220,,,,,,,539,437,[],0.5830845771144278,0.41151685393258425,0.4875832053251408,0.7251094612602322,0.9826175691519389,0.8538635152060856,46.642197232758704,15.825880495099714,0.48715019988577957,577.3230369959492,breast tumor,0.66796875
case221,,,,,,,469,433,[],0.0,0.0,0.0,0.0,0.9188001409647796,0.4594000704823898,171.64434366618846,88.174579148573,0.5480683726904456,567.5045190000674,breast tumor,0.765625
case222,,,,,,,537,485,[],0.9161454713921705,0.8452660824962599,0.9604759881002974,0.8757265430390258,0.9973141348296064,0.9365203389343161,85.05395663210855,12.979202272236424,-0.08823692222529754,551.4101439985097,breast tumor,0.77734375
case223,,,,,,,526,623,[],0.9600350058343057,0.9231416549789622,0.9800476474091722,0.9408233276157805,0.9993663383816093,0.9700948329986949,3.605551275463989,1.6933451652962108,-0.040022870211549454,543.988736004394,breast tumor,0.890625
case224,,,,,,,598,738,[],0.9635962266220589,0.9297498247053064,0.9785702350451153,0.9490735738980121,0.9958096908047354,0.9724416323513737,10.0,4.267444364682997,-0.030142610198789974,550.1687360010692,breast tumor,0.94140625
case225,,,,,,,538,831,[],0.5326537958735151,0.36300485487036466,0.9920954195779519,0.36405780586346215,0.9993943556105923,0.6817260807370272,153.37955981459885,62.74494581644191,-0.6330415414896923,506.20810400141636,breast tumor,0.578125
case226,,,,,,,537,485,[],0.9386704735428367,0.8844288697745213,0.9766641910643787,0.903522094452882,0.9974354678660258,0.950478781159454,12.951562118716424,4.803604779824141,-0.07488970854125986,567.9513720024261,breast tumor,0.90234375
case227,,,,,,,541,437,[],0.9229335817915613,0.8568956994562531,0.9415652016475807,0.905025016314988,0.9939512350537876,0.9494881256843878,13.601470508735444,5.4157096294015865,-0.038807918207526645,585.9479030041257,breast tumor,0.7734375
case228,,,,,,,537,485,[],0.0,0.0,0.0,0.0,0.9890648551018578,0.4945324275509289,223.4009847448575,103.72911380779927,-0.9024232263964033,557.8957369943964,breast tumor,0.78125
case229,,,,,,,526,623,[],0.8929090909090909,0.8065363770734111,0.9814148681055156,0.8190460306871248,0.9994108442665011,0.9092284374768129,30.03052278650137,5.542770605223143,-0.16544362908605736,570.3851839934941,breast tumor,0.76953125
case230,,,,,,,572,676,[],0.0,0.0,0.0,0.0,0.9210846911915069,0.46054234559575347,265.02952664130765,127.1269221985803,0.5325306294888044,565.1296309952158,breast tumor,0.69921875
case231,,,,,,,537,485,[],0.67114533121033,0.5050554789573896,0.5323161026918553,0.9079374446739451,0.9444887063655031,0.9262130755197241,124.3840167166725,33.05935470446463,0.7056358807907938,531.5813899942441,breast tumor,0.65625
case232,,,,,,,572,761,[],0.9438085049478471,0.89359600921729,0.9213116466073153,0.9674315321983715,0.992442611235786,0.9799370717170788,14.734132567982527,5.273745563491699,0.05005894125065109,545.0060319999466,breast tumor,0.76953125
case233,,,,,,,469,433,[],0.9292422341355842,0.8678360911867055,0.9158360188863074,0.943046766476308,0.9940931732230865,0.9685699698496972,8.06225774829855,4.000043710419903,0.029711375212224108,532.0478870053194,breast tumor,0.91015625
case234,,,,,,,583,795,[],0.3911517537098428,0.24312532559351047,0.24321582787373436,0.9984718242597899,0.8140426699595252,0.9062572471096575,197.709756737418,74.9555990553637,3.1052913085004774,541.8970819955575,breast tumor,0.67578125
case235,,,,,,,532,545,[],0.9161660042517793,0.8453010404229916,0.8549249611868208,0.986857825567503,0.9970482735383513,0.9919530495529272,7.0,2.831521343813797,0.15432098765432098,547.9997420043219,breast tumor,0.82421875
case236,,,,,,,349,476,[],0.0,0.0,0.0,0.0,0.878589188691408,0.439294594345704,230.97713862070123,152.7061555338926,5.105588144489039,535.0157450011466,breast tumor,0.6171875
case237,,,,,,,609,761,[],0.8920315013972394,0.80510547233262,0.8246438077344607,0.9714127628181483,0.9975547293063509,0.9844837460622495,8.06225774829855,3.9131808664954995,0.17797860568056068,523.9971060000244,breast tumor,0.7734375
case238,,,,,,,537,485,[],0.003355824497518832,0.0016807323701902447,0.0025784507351327627,0.004804252274353471,0.9274680645650318,0.46613615841969264,178.2924537069564,81.58196637768049,0.8632321373811714,639.8578360021929,breast tumor,0.703125
case239,,,,,,,469,433,[],0.7723961167775574,0.6291900240247111,0.8843108091811713,0.6856261297762264,0.983168704785632,0.8343974172809292,87.87749697897671,21.250697855514264,-0.22467742940846475,632.5160470005358,breast tumor,0.796875
case240,,,,,,,618,676,[],0.9637323322667607,0.9300032822358104,0.9782992327365729,0.9495928702646343,0.9949674381086819,0.9722801541866581,14.142135623730951,5.088439060735036,-0.0293431309269649,590.5971449974459,breast tumor,0.9453125
case241,,,,,,,519,1024,[],0.0,0.0,0.0,0.0,0.9968529453301831,0.49842647266509155,135.78954227676908,90.58877371533774,-0.7793684773882794,558.1784509995487,breast tumor,0.57421875
case242,,,,,,,385,930,[],0.9231400437636762,0.857251714503429,0.9412913122298145,0.9056755668858177,0.9987991910940481,0.952237378989933,8.5291141206134,3.0497937452481327,-0.03783711257211861,552.8673130029347,breast tumor,0.91015625
case243,,,,,,,470,503,[],0.9378287206645145,0.8829354915821467,0.9480071865948008,0.9278664991925354,0.9932005082835839,0.9605335037380596,11.837584950895808,4.486276071902123,-0.021245289790059213,546.0369220018038,breast tumor,0.9140625
case244,,,,,,,609,761,[],0.899516965829805,0.8173837650373903,0.8413654618473896,0.9663036515054453,0.9903052945908726,0.9783044730481589,18.856693761521218,7.905950382539362,0.14849455477258167,521.7278380005155,breast tumor,0.828125
case245,,,,,,,470,503,[],0.9108528045646382,0.8362990864614452,0.8857300073367571,0.9374423683571949,0.9884525381710341,0.9629474532641145,11.704699910719626,5.7256075040838335,0.05838388740596943,521.1721660016337,breast tumor,0.86328125
case246,,,,,,,572,761,[],0.04159602598181831,0.021239757748485927,0.021239757748485927,1.0,0.6822449579122437,0.8411224789561218,408.11464080232525,210.33005151819103,46.08151626970815,540.9102569974493,breast tumor,0.5234375
case247,,,,,,,541,437,[],0.9544510591167105,0.9128707627118644,0.9740727658071353,0.9356042613829137,0.9983444604835799,0.9669743609332468,6.0,2.736031294018511,-0.03949243400963561,547.7004109998234,breast tumor,0.828125
case248,,,,,,,537,485,[],0.9344406924036385,0.8769485525038543,0.9255431343598397,0.9435109814160652,0.9891570494536838,0.9663340154348745,19.697715603592208,5.448711259088255,0.019413300568269082,532.6858179978444,breast tumor,0.7734375
case249,,,,,,,532,545,[],0.9600136497142091,0.9231021632643495,0.9689052890528905,0.9512837234016859,0.9949142381214869,0.9730989807615864,10.0,4.002935126235858,-0.018187087892181725,528.0206300012651,breast tumor,0.89453125
case250,,,,,,,572,761,[],0.0023250284023355965,0.00116386721333157,0.001752150366358713,0.0034545026301326842,0.9406751783791459,0.4720648405046393,166.9977400058852,86.76195375926441,0.9715788647248175,523.461431999749,breast tumor,0.5546875
case251,,,,,,,572,761,[],0.6023962258275465,0.43102074919927585,0.43104235834131777,0.9998837028996743,0.7146245920693818,0.8572541474845281,152.66170470965338,62.70380813022503,1.3196878068951259,562.4431420001201,breast tumor,0.8984375
case252,,,,,,,532,545,[],0.624498582867409,0.4540152231680403,0.46157192243412165,0.965195327460743,0.9125893879250108,0.9388923576928769,157.44332042400907,36.51365614742717,1.0911049406357718,542.2459670007811,breast tumor,0.91015625
case253,,,,,,,538,831,[],0.9324225898655307,0.8734004494794294,0.9522327232723272,0.9134199134199135,0.9894937130004647,0.951456813210189,37.57982360931543,8.106609127197522,-0.0407597942223981,558.341127994936,breast tumor,0.8984375
case254,,,,,,,537,485,[],0.8428200184424511,0.7283396117067517,0.9952484656503663,0.7308810700785112,0.9999053504596418,0.8653932102690765,10.896648326421042,5.954460564023469,-0.2656295434719395,530.6105460040271,breast tumor,0.60546875
case255,,,,,,,532,545,[],0.6505837891356057,0.4821224051539012,0.5118749050007599,0.8924111431316042,0.9010937397738603,0.8967524414527323,102.42544826607335,32.02986710060019,0.7434164761999403,549.9250459979521,breast tumor,0.71875
case256,,,,,,,537,485,[],0.9619384063132105,0.926667947416088,0.9866460171819298,0.938438021122846,0.9979640478471031,0.9682010344849745,8.0,3.5678891099903534,-0.04886047804335742,523.2457940001041,breast tumor,0.94140625
