experiment,dataset,jitter_value,n,dice_mean,dice_std,dice_delta_mean,dice_delta_std
scale,aulid,1.0,100,0.9098205547179186,0.045609100630269905,0.0,0.0
scale,aulid,0.85,100,0.894379790571314,0.04003658524108007,-0.01544076414660458,0.05570962788329675
scale,aulid,0.9,100,0.913791736091735,0.039309361953705005,0.003971181373816477,0.04185902609363633
scale,aulid,0.95,100,0.9191761408546906,0.038967761194001756,0.009355586136772022,0.019573290519082853
scale,aulid,1.05,100,0.8916947347315503,0.05224597516525211,-0.018125819986368242,0.0166396916316445
scale,aulid,1.1,100,0.8687975612565363,0.056211650513273974,-0.041022993461382204,0.025376985909623437
scale,aulid,1.15,100,0.843782884213876,0.0659244351211441,-0.06603767050404243,0.03538999605862476
scale,blusg,1.0,100,0.9152882423806168,0.056322259713017936,0.0,0.0
scale,blusg,0.85,100,0.8821591389279742,0.05073312879349833,-0.0331291034526426,0.03982484158402496
scale,blusg,0.9,100,0.9037435390577809,0.05011482667386053,-0.011544703322835762,0.030294368349465334
scale,blusg,0.95,100,0.9125596686992767,0.054721537730275646,-0.002728573681339965,0.02020987820375789
scale,blusg,1.05,100,0.910479815943748,0.06047148413450036,-0.004808426436868736,0.013254908858525654
scale,blusg,1.1,100,0.90109665497599,0.06572057604334504,-0.014191587404626737,0.024270832109926612
scale,blusg,1.15,100,0.8870220873856745,0.07188160769136402,-0.028266154994942304,0.036994471231087143
scale,busbra,1.0,100,0.9362192354260672,0.027106945889886744,0.0,0.0
scale,busbra,0.85,100,0.9048997455733737,0.03332619577816947,-0.03131948985269346,0.03148521164755409
scale,busbra,0.9,100,0.9277751561184145,0.029507573810100565,-0.008444079307652768,0.021566144074829062
scale,busbra,0.95,100,0.9362917192209997,0.028681662265322382,7.24837949324808e-05,0.014220884319717653
scale,busbra,1.05,100,0.9283357795914046,0.033689044876294996,-0.007883455834662725,0.014344021757288923
scale,busbra,1.1,100,0.9212555433189685,0.04103452204981565,-0.014963692107098798,0.023788075434869313
scale,busbra,1.15,100,0.9119158453401165,0.04817667663671274,-0.02430339008595078,0.031951113063110534
scale,busi,1.0,100,0.9387666246928938,0.02528957387385149,0.0,0.0
scale,busi,0.85,100,0.9143339581724057,0.03218967799704864,-0.024432666520488203,0.0361538725867963
scale,busi,0.9,100,0.9340083529028479,0.025308351072456308,-0.004758271790046022,0.025893574913018105
scale,busi,0.95,100,0.9404713327559948,0.0236182993714919,0.001704708063100866,0.014423660320584971
scale,busi,1.05,100,0.9329102097600677,0.028252128089428584,-0.0058564149328263,0.013460995938165654
scale,busi,1.1,100,0.9263782775016918,0.034802858416749835,-0.012388347191202085,0.02143262131794015
scale,busi,1.15,100,0.9121791918253505,0.04170359167062708,-0.026587432867543517,0.02759833740112756
scale,camus,1.0,100,0.9504953372854448,0.017429465163717957,0.0,0.0
scale,camus,0.85,100,0.90420112015834,0.025278419948583562,-0.04629421712710484,0.025977707719849405
scale,camus,0.9,100,0.9310458904576809,0.021075505169021118,-0.01944944682776385,0.020032256644076946
scale,camus,0.95,100,0.9445563463349279,0.016616180270967368,-0.005938990950516781,0.012371621438787204
scale,camus,1.05,100,0.9491775913677898,0.022097310294566803,-0.00131774591765499,0.01302278332759512
scale,camus,1.1,100,0.9243710712477764,0.11508596417710702,-0.026124266037668365,0.11561616329281563
scale,camus,1.15,100,0.847009734847702,0.2318320059833647,-0.10348560243774269,0.232820906682233
scale,gist514,1.0,100,0.9276152738001422,0.03421435203606511,0.0,0.0
scale,gist514,0.85,100,0.901660770055145,0.027285420498476747,-0.025954503744997116,0.03275626786373116
scale,gist514,0.9,100,0.9206162795034659,0.030011474075579418,-0.006998994296676253,0.02494098319484638
scale,gist514,0.95,100,0.9285907763248121,0.029899542154456702,0.00097550252467,0.014260580873594225
scale,gist514,1.05,100,0.9189484343446078,0.04180227068620285,-0.00866683945553436,0.013607203563757445
scale,gist514,1.1,100,0.9038056370101912,0.04741671613978802,-0.023809636789950885,0.022061031952973164
scale,gist514,1.15,100,0.8864730638758904,0.05264180536620086,-0.04114220992425173,0.02882828019847816
scale,mmotu,1.0,100,0.9505629283843767,0.024168535407407262,0.0,0.0
scale,mmotu,0.85,100,0.9054360122962944,0.03733528395180363,-0.045126916088082177,0.03368153317989742
scale,mmotu,0.9,100,0.934226196952433,0.029841743924335154,-0.016336731431943703,0.02159028523171622
scale,mmotu,0.95,100,0.9463865673509224,0.024241072837885333,-0.004176361033454288,0.013357285705207911
scale,mmotu,1.05,100,0.9492305406183238,0.027760535301920887,-0.0013323877660529648,0.013222556811228702
scale,mmotu,1.1,100,0.9444028524513085,0.03373450316162357,-0.006160075933068163,0.018350756097791177
scale,mmotu,1.15,100,0.9328148419989177,0.04106347706898203,-0.017748086385458894,0.029716901974417845
scale,oku,1.0,100,0.9575135157742397,0.018359061121724043,0.0,0.0
scale,oku,0.85,100,0.9231634417858463,0.022797820067954052,-0.03435007398839347,0.019622635246084572
scale,oku,0.9,100,0.9433356401949773,0.02002798253934551,-0.014177875579262375,0.014314520158434551
scale,oku,0.95,100,0.9541194289002022,0.01836489568909103,-0.0033940868740375565,0.01028333553635104
scale,oku,1.05,100,0.9581670621596758,0.020460787307870886,0.0006535463854361645,0.009065142936361728
scale,oku,1.1,100,0.9542320271842706,0.022562849743705423,-0.0032814885899690705,0.01727024138088652
scale,oku,1.15,100,0.9426042990631949,0.03177185532168625,-0.014909216711044872,0.028327922968620047
scale,uns,1.0,39,0.9259583907391007,0.024919651352302244,0.0,0.0
scale,uns,0.85,39,0.8647307651218247,0.02412713986512367,-0.061227625617276064,0.0231357411175494
scale,uns,0.9,39,0.8962730730517984,0.024580905645191595,-0.029685317687302256,0.01632950034078616
scale,uns,0.95,39,0.9179922010015212,0.026043547101221774,-0.00796618973757936,0.009403442198645497
scale,uns,1.05,39,0.9142927758253842,0.025453304537844054,-0.01166561491371645,0.009999388405333232
scale,uns,1.1,39,0.8904638732913799,0.0265751913830614,-0.03549451744772066,0.015021618804982338
scale,uns,1.15,39,0.8636075621110638,0.02733684480096605,-0.06235082862803687,0.019425923763662187
scale,tnsc2020,1.0,100,0.9462069895670296,0.023372085400086243,0.0,0.0
scale,tnsc2020,0.85,100,0.8958083424048441,0.03271305243764444,-0.05039864716218559,0.033501824439468315
scale,tnsc2020,0.9,100,0.9280506027586223,0.025161652753835795,-0.01815638680840732,0.020883096673819178
scale,tnsc2020,0.95,100,0.9421627503641542,0.02318992614223244,-0.004044239202875373,0.012640278138168039
scale,tnsc2020,1.05,100,0.9433712275057797,0.027632199878693184,-0.0028357620612498658,0.014198029203500257
scale,tnsc2020,1.1,100,0.9359404985929628,0.032581350320629775,-0.01026649097406686,0.020709396772842167
scale,tnsc2020,1.15,100,0.9255185994169447,0.03643388549787004,-0.02068839015008485,0.02596021517847264
scale,ultrabones100k,1.0,100,0.9065237262352319,0.03455402686713223,0.0,0.0
scale,ultrabones100k,0.85,100,0.8509822638270451,0.048655421982975164,-0.05554146240818679,0.039703830111654605
scale,ultrabones100k,0.9,100,0.8798036967177122,0.04104871749743403,-0.026720029517519867,0.028763111130083983
scale,ultrabones100k,0.95,100,0.9002856328596802,0.03558194434614998,-0.006238093375551821,0.014336180038370299
scale,ultrabones100k,1.05,100,0.8979041235084882,0.036376986970428744,-0.008619602726743659,0.010407702324015743
scale,ultrabones100k,1.1,100,0.8792149209452816,0.03672434068190397,-0.02730880528995029,0.01830135675724354
scale,ultrabones100k,1.15,100,0.8551019703614461,0.0372373951009599,-0.05142175587378588,0.024860700682656264
scale,umud,1.0,100,0.6056794026830582,0.06525900629462071,0.0,0.0
scale,umud,0.85,100,0.5966944217870486,0.05950336600435093,-0.008984980896009666,0.01689433644502062
scale,umud,0.9,100,0.6035683852253583,0.061615159708667704,-0.002111017457699873,0.012373190124144066
scale,umud,0.95,100,0.6072857106819861,0.06443040118617502,0.001606307998927915,0.00637820106680236
scale,umud,1.05,100,0.5998554820592958,0.06657047774799628,-0.005823920623762402,0.006914288394973754
scale,umud,1.1,100,0.5936438902200929,0.06858890404637905,-0.012035512462965324,0.010649511216435873
scale,umud,1.15,100,0.5882041283457533,0.06941074703450249,-0.01747527433730486,0.014127606391146467
scale,roblus,1.0,100,0.584941069642591,0.10261581844527454,0.0,0.0
scale,roblus,0.85,100,0.5932450794589725,0.0960117809596123,0.008304009816381552,0.023797266326272104
scale,roblus,0.9,100,0.5933006446339221,0.09544181628619967,0.008359574991331067,0.016570998949939072
scale,roblus,0.95,100,0.5882242234327508,0.0977583967658336,0.003283153790159832,0.011958770401958892
scale,roblus,1.05,100,0.5723368489202137,0.10540272563067549,-0.012604220722377261,0.010703822161276359
scale,roblus,1.1,100,0.5457309084583565,0.09885033571086294,-0.03921016118423445,0.01853867780000953
scale,roblus,1.15,100,0.5226922010356846,0.09474919466203881,-0.06224886860690643,0.019680602929538406
translation,aulid,0.0,100,0.9098205547179186,0.045609100630269905,0.0,0.0
translation,aulid,0.025,100,0.9063408187203953,0.04432619953951715,-0.0034797359975232245,0.011407280159577943
translation,aulid,0.05,100,0.8925000843687526,0.04809817933583949,-0.01732047034916595,0.02879323263450758
translation,aulid,0.075,100,0.8751853421913391,0.04644379183426247,-0.034635212526579355,0.032491097926506084
translation,aulid,0.1,100,0.8524359911413829,0.04916462098644315,-0.057384563576535624,0.0385280192364143
translation,aulid,0.125,100,0.8286509981741803,0.0468989206510499,-0.08116955654373832,0.042300372616807407
translation,aulid,0.15,100,0.7973149016118205,0.053900025356548,-0.11250565310609803,0.05457212898597405
translation,blusg,0.0,100,0.9152882423806168,0.056322259713017936,0.0,0.0
translation,blusg,0.025,100,0.9134207749929414,0.05715982552123144,-0.00186746738767542,0.010283444478803567
translation,blusg,0.05,100,0.9058308314278909,0.06002408509766944,-0.00945741095272585,0.023324378436756405
translation,blusg,0.075,100,0.8914996937537439,0.06341407540942241,-0.02378854862687281,0.033038189829144624
translation,blusg,0.1,100,0.8659024700593696,0.0702380313729612,-0.04938577232124716,0.04422487298146794
translation,blusg,0.125,100,0.8355080657416545,0.0774208970655964,-0.07978017663896228,0.057393042468156935
translation,blusg,0.15,100,0.800633517618603,0.08575071010547405,-0.11465472476201373,0.07187389948025673
translation,busbra,0.0,100,0.9362192354260672,0.027106945889886744,0.0,0.0
translation,busbra,0.025,100,0.9328795704599513,0.027863210546859106,-0.0033396649661159594,0.00932505189986195
translation,busbra,0.05,100,0.9269415147630714,0.028659386447448122,-0.009277720662995894,0.013791252399913245
translation,busbra,0.075,100,0.9141752638675423,0.03157819037759644,-0.022043971558524937,0.021122007392711948
translation,busbra,0.1,100,0.8960606637676439,0.040335569139430434,-0.04015857165842334,0.032213248537574006
translation,busbra,0.125,100,0.8690569474440066,0.05048914741875262,-0.06716228798206071,0.04450210914097944
translation,busbra,0.15,100,0.8368030360225213,0.0615914420985374,-0.09941619940354597,0.05729271813790394
translation,busi,0.0,100,0.9387666246928938,0.02528957387385149,0.0,0.0
translation,busi,0.025,100,0.936286647545393,0.02589044244770209,-0.0024799771475008414,0.009262210249825027
translation,busi,0.05,100,0.9307671360206917,0.028464633172778142,-0.007999488672202053,0.013915513626305134
translation,busi,0.075,100,0.9212116198054444,0.03250647640174126,-0.01755500488744939,0.020006467334748326
translation,busi,0.1,100,0.9039465591425937,0.03676215243153961,-0.03482006555030017,0.025755082782558194
translation,busi,0.125,100,0.8797344126256199,0.04208991584138028,-0.059032212067273965,0.034775716519506686
translation,busi,0.15,100,0.8493705642369944,0.052184530859804,-0.08939606045589947,0.04871168632026316
translation,camus,0.0,100,0.9504953372854448,0.017429465163717957,0.0,0.0
translation,camus,0.025,100,0.9480256381513728,0.0183700095387989,-0.002469699134071994,0.008995139302655962
translation,camus,0.05,100,0.9430256873078445,0.01995820528821444,-0.007469649977600151,0.015754004251172127
translation,camus,0.075,100,0.9300775868145774,0.0283006874127444,-0.020417750470867274,0.024061501300132074
translation,camus,0.1,100,0.8971575553514315,0.10898780895056136,-0.053337781934013284,0.10727325322454022
translation,camus,0.125,100,0.8473336650253275,0.1828431146457822,-0.10316167226011734,0.18132127913376758
translation,camus,0.15,100,0.8067803734647279,0.20968144709293848,-0.1437149638207169,0.2073866061262746
translation,gist514,0.0,100,0.9276152738001422,0.03421435203606511,0.0,0.0
translation,gist514,0.025,100,0.9242055342307245,0.03414953318128003,-0.0034097395694176525,0.011160240423352438
translation,gist514,0.05,100,0.91637346334277,0.035679189187893874,-0.011241810457372102,0.017468089846596965
translation,gist514,0.075,100,0.9026161943249901,0.03928238325578758,-0.024999079475152057,0.024543105215005283
translation,gist514,0.1,100,0.8809400840774455,0.04392854931485647,-0.04667518972269659,0.033054255241550944
translation,gist514,0.125,100,0.8525354669271343,0.05294484847984754,-0.07507980687300783,0.046471712701988716
translation,gist514,0.15,100,0.8163425214062668,0.06443989743316131,-0.1112727523938753,0.05960013155136182
translation,mmotu,0.0,100,0.9505629283843767,0.024168535407407262,0.0,0.0
translation,mmotu,0.025,100,0.9493778110954956,0.024990055987195878,-0.0011851172888810246,0.00832447770727066
translation,mmotu,0.05,100,0.9454075477076946,0.028514298831650933,-0.005155380676681979,0.014694246491047358
translation,mmotu,0.075,100,0.9309032847115372,0.03438231426553329,-0.019659643672839483,0.025359238683961692
translation,mmotu,0.1,100,0.9063338662339495,0.03883656060190831,-0.044229062150427094,0.03144188644326843
translation,mmotu,0.125,100,0.8738020287708558,0.050968575049555105,-0.07676089961352091,0.04672959007668373
translation,mmotu,0.15,100,0.8341089973652313,0.06932226097596973,-0.11645393101914545,0.06817643341703113
translation,oku,0.0,100,0.9575135157742397,0.018359061121724043,0.0,0.0
translation,oku,0.025,100,0.9569994174084566,0.016881165574099067,-0.0005140983657830722,0.007219334049495392
translation,oku,0.05,100,0.9527067135379444,0.018455207116222627,-0.004806802236295343,0.015541627543207998
translation,oku,0.075,100,0.9400351393627239,0.026340129460848193,-0.01747837641151589,0.024379939025899303
translation,oku,0.1,100,0.9139303504375248,0.042437071261885395,-0.04358316533671494,0.042610619892404465
translation,oku,0.125,100,0.8789736415730361,0.062176924603151974,-0.07853987420120359,0.062634004569476
translation,oku,0.15,100,0.8384442251135086,0.07860881348872618,-0.11906929066073112,0.07954804256080521
translation,uns,0.0,39,0.9259583907391007,0.024919651352302244,0.0,0.0
translation,uns,0.025,39,0.9179829362633245,0.024866442531776056,-0.007975454475776184,0.010918907649193073
translation,uns,0.05,39,0.9000680658158794,0.028630445692663785,-0.02589032492322121,0.019560579853869615
translation,uns,0.075,39,0.8732543932009625,0.03460893557603695,-0.05270399753813811,0.027798812610700004
translation,uns,0.1,39,0.8416186719377188,0.042534878572225716,-0.08433971880138194,0.037749927767672574
translation,uns,0.125,39,0.8096764914687168,0.05323336882029055,-0.11628189927038385,0.048973913082065036
translation,uns,0.15,39,0.774521148184314,0.06517038051761158,-0.15143724255478672,0.06212990509197558
translation,tnsc2020,0.0,100,0.9462069895670296,0.023372085400086243,0.0,0.0
translation,tnsc2020,0.025,100,0.9425065300217319,0.025413960755063664,-0.003700459545297713,0.012916937749776581
translation,tnsc2020,0.05,100,0.9358055643678846,0.028191082420480563,-0.010401425199144963,0.02009615781198751
translation,tnsc2020,0.075,100,0.923643082750504,0.02861327180870673,-0.02256390681652551,0.021882444184285067
translation,tnsc2020,0.1,100,0.9002173715880157,0.035750032147782856,-0.04598961797901396,0.03250654647815129
translation,tnsc2020,0.125,100,0.8677583086905805,0.04982619942704654,-0.07844868087644918,0.04848280135221638
translation,tnsc2020,0.15,100,0.8312749233354375,0.06473855437917211,-0.11493206623159206,0.06593298667561293
translation,ultrabones100k,0.0,100,0.9065237262352319,0.03455402686713223,0.0,0.0
translation,ultrabones100k,0.025,100,0.9016775278157128,0.03510612485822239,-0.004846198419519093,0.012045605355440346
translation,ultrabones100k,0.05,100,0.8878286856593435,0.03715475210281395,-0.018695040575888448,0.022470608210999683
translation,ultrabones100k,0.075,100,0.866349754251597,0.041630480618061454,-0.04017397198363499,0.03207367367062576
translation,ultrabones100k,0.1,100,0.8379019461071793,0.05011233459996828,-0.06862178012805266,0.044822206022028084
translation,ultrabones100k,0.125,100,0.8058030463667464,0.06505652263365508,-0.10072067986848549,0.06263593423476845
translation,ultrabones100k,0.15,100,0.771295251282588,0.08000780171196442,-0.1352284749526439,0.07933370941394285
translation,umud,0.0,100,0.6056794026830582,0.06525900629462071,0.0,0.0
translation,umud,0.025,100,0.6044017955599699,0.06752845654397896,-0.00127760712308836,0.00778349442915604
translation,umud,0.05,100,0.601382343689204,0.06875723341263938,-0.004297058993854239,0.012563955512357733
translation,umud,0.075,100,0.597787961304629,0.07067724446390633,-0.007891441378429264,0.01772675524378622
translation,umud,0.1,100,0.5921150338536387,0.0741154982386563,-0.0135643688294195,0.0257931883428272
translation,umud,0.125,100,0.5838192809881977,0.08046055883835929,-0.021860121694860575,0.03691988774777539
translation,umud,0.15,100,0.5747531461430601,0.09056833722902317,-0.030926256539998153,0.05160987965501108
translation,roblus,0.0,100,0.584941069642591,0.10261581844527454,0.0,0.0
translation,roblus,0.025,100,0.5797568661658303,0.10096568885206743,-0.005184203476760644,0.008041737112056335
translation,roblus,0.05,100,0.5701424009758094,0.09843391211529104,-0.01479866866678162,0.017008738736109395
translation,roblus,0.075,100,0.5598505867494888,0.10372026604021473,-0.025090482893102103,0.0312504720116465
translation,roblus,0.1,100,0.5454080722206396,0.10386463461116327,-0.03953299742195148,0.037481326093215736
translation,roblus,0.125,100,0.5318474267465163,0.10321659094511813,-0.05309364289607466,0.04133494902367363
translation,roblus,0.15,100,0.5155100653305126,0.10668110095086196,-0.06943100431207842,0.04711328562294307
